{
	"showSidePanel": false,
	"registrationView": true,
	"teamView": false,
	"view": "WeekView",
	"viewTitle": "",
	"colors": {
		"absence": "#BD9AD8",
		"attendance": "#509624",
		"service": "#c1d8f0",
		"project": "#f9ff9f"
	},
	"workHours": {
		"default": {
			"from": 8,
			"to": 16
		},
		"personal": {
			"from": null,
			"to": null
		}
	},
	"regStatus": [
		{"text": "In Progress", "key": 1},
		{"text": "Complete", "key": 2},
		{"text": "Approved", "key": 3},
		{"text": "Rejected", "key": 4}
	],

	"globalSettings": {
		"enableApproval": false
	},
	"validations": {
		"11HourRule": true,
		"48HourRule": true,
		"onlyAbsenceInWorkHours": true
	}

}
